,exact_match,f1
0,0.6687290268456376,0.7031449244966449
