,exact_match,f1
0,0.6556208053691275,0.6905778104026855
